TEAM,ELITE SOS,YEAR
Air Force,22.8,2006
Akron,23.1,2006
Alabama,36.0,2006
Alabama A&M,3.6,2006
Alabama St.,8.2,2006
Albany,13.2,2006
Alcorn St.,10.3,2006
American,15.2,2006
Appalachian St.,14.5,2006
Arizona,38.0,2006
Arizona St.,30.4,2006
Arkansas,31.6,2006
Arkansas Little Rock,16.1,2006
Arkansas Pine Bluff,4.3,2006
Arkansas St.,20.7,2006
Army,11.4,2006
Auburn,34.3,2006
Austin Peay,13.4,2006
BYU,25.3,2006
Ball St.,22.9,2006
Baylor,40.0,2006
Belmont,8.7,2006
Bethune Cookman,4.0,2006
Binghamton,11.4,2006
Birmingham Southern,9.1,2006
Boise St.,23.3,2006
Boston College,33.3,2006
Boston University,16.5,2006
Bowling Green,25.3,2006
Bradley,32.5,2006
Brown,9.8,2006
Bucknell,17.0,2006
Buffalo,20.8,2006
Butler,23.7,2006
Cal Poly,20.8,2006
Cal St. Fullerton,14.4,2006
Cal St. Northridge,18.1,2006
California,33.5,2006
Campbell,7.2,2006
Canisius,20.7,2006
Centenary,16.4,2006
Central Connecticut,10.1,2006
Central Michigan,22.2,2006
Charleston Southern,14.9,2006
Charlotte,26.0,2006
Chattanooga,14.2,2006
Chicago St.,20.9,2006
Cincinnati,35.7,2006
Clemson,31.6,2006
Cleveland St.,22.0,2006
Coastal Carolina,11.9,2006
Colgate,11.5,2006
College of Charleston,10.0,2006
Colorado,28.4,2006
Colorado St.,26.2,2006
Columbia,9.5,2006
Connecticut,35.7,2006
Coppin St.,12.3,2006
Cornell,12.1,2006
Creighton,29.9,2006
Dartmouth,11.6,2006
Davidson,16.8,2006
Dayton,25.8,2006
DePaul,37.9,2006
Delaware,23.5,2006
Delaware St.,14.0,2006
Denver,17.8,2006
Detroit,23.5,2006
Drake,31.0,2006
Drexel,24.9,2006
Duke,38.0,2006
Duquesne,24.6,2006
East Carolina,19.8,2006
East Tennessee St.,4.4,2006
Eastern Illinois,13.9,2006
Eastern Kentucky,15.1,2006
Eastern Michigan,19.6,2006
Eastern Washington,23.0,2006
Elon,18.5,2006
Evansville,29.0,2006
FIU,21.9,2006
Fairfield,24.1,2006
Fairleigh Dickinson,13.4,2006
Florida,34.7,2006
Florida A&M,8.2,2006
Florida Atlantic,6.7,2006
Florida St.,30.2,2006
Fordham,25.6,2006
Fresno St.,25.4,2006
Furman,12.4,2006
Gardner Webb,10.6,2006
George Mason,28.2,2006
George Washington,20.0,2006
Georgetown,36.6,2006
Georgia,34.7,2006
Georgia Southern,12.9,2006
Georgia St.,25.7,2006
Georgia Tech,33.8,2006
Gonzaga,28.6,2006
Grambling St.,4.2,2006
Green Bay,21.8,2006
Hampton,0.0,2006
Hartford,10.3,2006
Harvard,10.8,2006
Hawaii,24.6,2006
High Point,13.9,2006
Hofstra,25.1,2006
Holy Cross,15.0,2006
Houston,24.4,2006
Howard,5.3,2006
IPFW,19.5,2006
IUPUI,13.5,2006
Idaho,28.3,2006
Idaho St.,17.7,2006
Illinois,32.3,2006
Illinois Chicago,22.8,2006
Illinois St.,28.8,2006
Indiana,36.9,2006
Indiana St.,30.1,2006
Iona,22.9,2006
Iowa,33.9,2006
Iowa St.,32.2,2006
Jackson St.,7.4,2006
Jacksonville,11.3,2006
Jacksonville St.,13.1,2006
James Madison,23.2,2006
Kansas,31.1,2006
Kansas St.,27.7,2006
Kennesaw St.,8.2,2006
Kent St.,22.9,2006
Kentucky,37.3,2006
LIU Brooklyn,10.4,2006
LSU,38.3,2006
La Salle,22.4,2006
Lafayette,15.1,2006
Lamar,13.0,2006
Lehigh,11.5,2006
Liberty,16.1,2006
Lipscomb,5.7,2006
Long Beach St.,18.2,2006
Longwood,10.9,2006
Louisiana Lafayette,25.2,2006
Louisiana Monroe,21.1,2006
Louisiana Tech,27.1,2006
Louisville,31.3,2006
Loyola Chicago,20.7,2006
Loyola MD,19.3,2006
Loyola Marymount,28.1,2006
Maine,12.1,2006
Manhattan,23.2,2006
Marist,20.3,2006
Marquette,35.4,2006
Marshall,18.1,2006
Maryland,34.2,2006
Maryland Eastern Shore,5.6,2006
Massachusetts,28.7,2006
McNeese St.,17.4,2006
Memphis,27.9,2006
Mercer,5.0,2006
Miami FL,36.4,2006
Miami OH,25.3,2006
Michigan,34.1,2006
Michigan St.,35.5,2006
Middle Tennessee,20.0,2006
Milwaukee,24.2,2006
Minnesota,32.6,2006
Mississippi,29.1,2006
Mississippi St.,30.8,2006
Mississippi Valley St.,7.7,2006
Missouri,30.5,2006
Missouri St.,31.3,2006
Monmouth,16.4,2006
Montana,20.9,2006
Montana St.,15.9,2006
Morehead St.,14.8,2006
Morgan St.,8.6,2006
Mount St. Mary's,12.7,2006
Murray St.,13.7,2006
N.C. State,32.2,2006
Navy,10.3,2006
Nebraska,28.0,2006
Nevada,24.8,2006
New Hampshire,13.7,2006
New Mexico,24.8,2006
New Mexico St.,27.8,2006
New Orleans,23.8,2006
Niagara,22.5,2006
Nicholls St.,15.9,2006
Norfolk St.,7.6,2006
North Carolina,35.8,2006
North Carolina A&T,7.9,2006
North Dakota St.,15.2,2006
North Florida,5.5,2006
North Texas,19.2,2006
Northeastern,22.7,2006
Northern Arizona,17.9,2006
Northern Colorado,19.8,2006
Northern Illinois,22.1,2006
Northern Iowa,31.4,2006
Northwestern,33.2,2006
Northwestern St.,19.7,2006
Notre Dame,33.8,2006
Oakland,16.0,2006
Ohio,22.2,2006
Ohio St.,32.2,2006
Oklahoma,31.3,2006
Oklahoma St.,31.9,2006
Old Dominion,25.2,2006
Oral Roberts,16.6,2006
Oregon,33.1,2006
Oregon St.,31.2,2006
Pacific,18.8,2006
Penn,14.1,2006
Penn St.,29.9,2006
Pepperdine,29.2,2006
Pittsburgh,33.9,2006
Portland,24.0,2006
Portland St.,21.9,2006
Prairie View A&M,6.7,2006
Princeton,15.1,2006
Providence,36.0,2006
Purdue,34.5,2006
Quinnipiac,11.4,2006
Radford,11.4,2006
Rhode Island,24.5,2006
Rice,22.3,2006
Richmond,22.4,2006
Rider,23.4,2006
Robert Morris,11.7,2006
Rutgers,32.3,2006
SMU,15.3,2006
Sacramento St.,21.1,2006
Sacred Heart,11.6,2006
Saint Joseph's,33.6,2006
Saint Louis,26.6,2006
Saint Mary's,24.4,2006
Saint Peter's,21.8,2006
Sam Houston St.,16.3,2006
Samford,15.8,2006
San Diego,21.3,2006
San Diego St.,25.4,2006
San Francisco,25.5,2006
San Jose St.,26.7,2006
Santa Clara,26.7,2006
Savannah St.,15.1,2006
Seton Hall,32.5,2006
Siena,22.7,2006
South Alabama,18.0,2006
South Carolina,37.7,2006
South Carolina St.,8.9,2006
South Dakota St.,21.5,2006
South Florida,30.8,2006
Southeast Missouri St.,13.2,2006
Southeastern Louisiana,14.3,2006
Southern,10.1,2006
Southern Illinois,30.8,2006
Southern Miss,24.7,2006
Southern Utah,15.7,2006
St. Bonaventure,21.5,2006
St. Francis NY,13.2,2006
St. Francis PA,14.4,2006
St. John's,31.8,2006
Stanford,33.7,2006
Stephen F. Austin,9.7,2006
Stetson,7.2,2006
Stony Brook,18.1,2006
Syracuse,35.2,2006
TCU,26.3,2006
Temple,32.4,2006
Tennessee,36.4,2006
Tennessee Martin,15.7,2006
Tennessee St.,15.7,2006
Tennessee Tech,15.6,2006
Texas,33.8,2006
Texas A&M,28.4,2006
Texas A&M Corpus Chris,9.5,2006
Texas Pan American,18.8,2006
Texas Southern,10.9,2006
Texas St.,16.3,2006
Texas Tech,31.9,2006
The Citadel,10.4,2006
Toledo,17.3,2006
Towson,19.2,2006
Troy,16.9,2006
Tulane,21.5,2006
Tulsa,21.4,2006
UAB,24.2,2006
UC Davis,18.5,2006
UC Irvine,17.3,2006
UC Riverside,19.9,2006
UC Santa Barbara,18.2,2006
UCF,16.9,2006
UCLA,34.6,2006
UMBC,13.7,2006
UMKC,12.4,2006
UNC Asheville,19.9,2006
UNC Greensboro,15.7,2006
UNC Wilmington,24.3,2006
UNLV,27.8,2006
USC,30.5,2006
UT Arlington,19.0,2006
UTEP,21.5,2006
UTSA,16.6,2006
Utah,26.0,2006
Utah St.,24.3,2006
Utah Valley St.,8.8,2006
VCU,20.0,2006
VMI,12.5,2006
Valparaiso,13.0,2006
Vanderbilt,35.0,2006
Vermont,16.0,2006
Villanova,38.4,2006
Virginia,35.4,2006
Virginia Tech,30.5,2006
Wagner,11.0,2006
Wake Forest,34.6,2006
Washington,29.9,2006
Washington St.,33.2,2006
Weber St.,20.3,2006
West Virginia,37.8,2006
Western Carolina,16.1,2006
Western Illinois,16.3,2006
Western Kentucky,20.8,2006
Western Michigan,23.0,2006
Wichita St.,31.1,2006
William & Mary,21.9,2006
Winthrop,13.8,2006
Wisconsin,34.1,2006
Wofford,19.2,2006
Wright St.,22.2,2006
Wyoming,25.9,2006
Xavier,24.8,2006
Yale,9.9,2006
Youngstown St.,20.6,2006
