TEAM,YEAR,EXP,AVG HGT,EFF HGT,roster_size
Air Force,2004,,,,
Alabama,2004,,,,
Alabama St.,2004,,,,
Arizona,2004,,,,
BYU,2004,,,,
Boston College,2004,,,,
Charlotte,2004,,,,
Cincinnati,2004,,,,
Connecticut,2004,,,,
Dayton,2004,,,,
DePaul,2004,,,,
Duke,2004,,,,
East Tennessee St.,2004,,,,
Eastern Washington,2004,,,,
Florida,2004,,,,
Florida A&M,2004,,,,
Georgia Tech,2004,,,,
Gonzaga,2004,,,,
Illinois,2004,,,,
Illinois Chicago,2004,,,,
Kansas,2004,,,,
Kentucky,2004,,,,
Lehigh,2004,,,,
Liberty,2004,,,,
Louisiana Lafayette,2004,,,,
Louisville,2004,,,,
Manhattan,2004,,,,
Maryland,2004,,,,
Memphis,2004,,,,
Michigan St.,2004,,,,
Mississippi St.,2004,,,,
Monmouth,2004,,,,
Murray St.,2004,,,,
N.C. State,2004,,,,
Nevada,2004,1.636,77.9,81.0,
North Carolina,2004,,,,
Northern Iowa,2004,,,,
Oklahoma St.,2004,,,,
Pacific,2004,,,,
Pittsburgh,2004,,,,
Princeton,2004,,,,
Providence,2004,,,,
Richmond,2004,,,,
Saint Joseph's,2004,,,,
Seton Hall,2004,,,,
South Carolina,2004,,,,
Southern Illinois,2004,,,,
Stanford,2004,,,,
Syracuse,2004,,,,
Texas,2004,,,,
Texas Tech,2004,,,,
UAB,2004,,,,
UCF,2004,,,,
UTEP,2004,,,,
UTSA,2004,,,,
Utah,2004,,,,
VCU,2004,,,,
Valparaiso,2004,,,,
Vanderbilt,2004,,,,
Vermont,2004,,,,
Wake Forest,2004,,,,
Washington,2004,,,,
Western Michigan,2004,,,,
Wisconsin,2004,,,,
Xavier,2004,,,,
Akron,2004,,,,
Alabama A&M,2004,,,,
Albany,2004,,,,
Alcorn St.,2004,,,,
American,2004,,,,
Appalachian St.,2004,,,,
Arizona St.,2004,,,,
Arkansas,2004,,,,
Arkansas Little Rock,2004,,,,
Arkansas Pine Bluff,2004,,,,
Arkansas St.,2004,,,,
Army,2004,,,,
Auburn,2004,,,,
Austin Peay,2004,,,,
Ball St.,2004,,,,
Baylor,2004,,,,
Belmont,2004,,,,
Bethune Cookman,2004,,,,
Binghamton,2004,,,,
Birmingham Southern,2004,,,,
Boise St.,2004,,,,
Boston University,2004,,,,
Bowling Green,2004,,,,
Bradley,2004,,,,
Brown,2004,,,,
Bucknell,2004,1.533,77.5,80.5,15.0
Buffalo,2004,,,,
Butler,2004,,,,
Cal Poly,2004,,,,
Cal St. Fullerton,2004,,,,
Cal St. Northridge,2004,,,,
California,2004,,,,
Campbell,2004,,,,
Canisius,2004,,,,
Centenary,2004,,,,
Central Connecticut,2004,,,,
Central Michigan,2004,,,,
Charleston Southern,2004,,,,
Chattanooga,2004,,,,
Chicago St.,2004,,,,
Clemson,2004,,,,
Cleveland St.,2004,1.308,77.2,81.7,13.0
Coastal Carolina,2004,1.933,76.7,80.0,15.0
Colgate,2004,1.188,77.3,79.9,16.0
College of Charleston,2004,1.857,75.7,78.8,14.0
Colorado,2004,1.786,76.6,80.2,14.0
Colorado St.,2004,1.462,76.6,79.8,13.0
Columbia,2004,1.375,76.9,79.3,16.0
Coppin St.,2004,1.214,75.8,79.8,14.0
Cornell,2004,1.077,77.5,80.5,13.0
Creighton,2004,1.615,77.2,79.8,13.0
Dartmouth,2004,1.143,76.8,79.8,14.0
Davidson,2004,,,,
Delaware,2004,,,,
Delaware St.,2004,,,,
Denver,2004,,,,
Detroit,2004,,,,
Drake,2004,,,,
Drexel,2004,,,,
Duquesne,2004,,,,
East Carolina,2004,,,,
Eastern Illinois,2004,,,,
Eastern Kentucky,2004,,,,
Eastern Michigan,2004,,,,
Elon,2004,,,,
Evansville,2004,,,,
FIU,2004,,,,
Fairfield,2004,,,,
Fairleigh Dickinson,2004,,,,
Florida Atlantic,2004,,,,
Florida St.,2004,,,,
Fordham,2004,,,,
Fresno St.,2004,,,,
Furman,2004,,,,
Gardner Webb,2004,,,,
George Mason,2004,,,,
George Washington,2004,,,,
Georgetown,2004,,,,
Georgia,2004,,,,
Georgia Southern,2004,,,,
Georgia St.,2004,,,,
Grambling St.,2004,,,,
Green Bay,2004,,,,
Hampton,2004,,,,
Hartford,2004,,,,
Harvard,2004,,,,
Hawaii,2004,,,,
High Point,2004,,,,
Hofstra,2004,,,,
Holy Cross,2004,,,,
Houston,2004,,,,
Howard,2004,,,,
IPFW,2004,,,,
IUPUI,2004,,,,
Idaho,2004,,,,
Idaho St.,2004,,,,
Illinois St.,2004,,,,
Indiana,2004,,,,
Indiana St.,2004,,,,
Iona,2004,,,,
Iowa,2004,,,,
Iowa St.,2004,1.643,77.6,81.3,14.0
Jackson St.,2004,1.8,76.5,80.7,15.0
Jacksonville,2004,1.182,76.9,80.2,11.0
Jacksonville St.,2004,2.182,75.6,78.4,11.0
James Madison,2004,0.929,76.1,79.3,14.0
Kansas St.,2004,1.562,77.8,80.9,16.0
Kent St.,2004,1.615,75.9,78.3,13.0
LIU Brooklyn,2004,,,,
LSU,2004,1.154,76.8,80.7,13.0
La Salle,2004,1.429,77.4,80.8,14.0
Lafayette,2004,1.312,77.6,80.4,16.0
Lamar,2004,1.538,76.8,80.3,13.0
Lipscomb,2004,1.769,76.7,79.8,13.0
Long Beach St.,2004,1.357,77.6,81.2,14.0
Louisiana Monroe,2004,1.923,76.8,78.8,13.0
Louisiana Tech,2004,1.727,77.3,80.2,11.0
Loyola Chicago,2004,1.357,76.6,80.3,14.0
Loyola MD,2004,1.077,76.7,79.7,13.0
Loyola Marymount,2004,1.25,77.8,81.0,12.0
Maine,2004,1.833,77.2,80.8,12.0
Marist,2004,1.571,76.1,78.8,14.0
Marquette,2004,1.267,76.8,81.0,15.0
Marshall,2004,1.462,76.8,80.2,13.0
Maryland Eastern Shore,2004,1.625,76.5,79.4,16.0
Massachusetts,2004,1.231,77.0,79.3,13.0
McNeese St.,2004,1.6,76.3,80.0,15.0
Mercer,2004,1.846,76.5,79.8,13.0
Miami FL,2004,1.154,77.5,80.8,13.0
Miami OH,2004,1.2,77.5,80.0,15.0
Michigan,2004,1.0,78.0,81.5,15.0
Middle Tennessee,2004,1.308,75.8,78.7,13.0
Milwaukee,2004,1.438,76.1,79.4,16.0
Minnesota,2004,2.0,77.2,80.8,14.0
Mississippi,2004,1.5,76.8,79.3,14.0
Mississippi Valley St.,2004,1.385,77.2,80.2,13.0
Missouri,2004,1.667,77.2,80.0,12.0
Montana,2004,1.714,77.9,80.8,14.0
Montana St.,2004,1.0,76.9,79.0,13.0
Morehead St.,2004,1.714,76.1,78.2,14.0
Morgan St.,2004,1.143,75.5,77.8,14.0
Mount St. Mary's,2004,1.6,76.4,79.2,15.0
Navy,2004,1.286,77.0,79.9,21.0
Nebraska,2004,1.6,77.4,81.5,15.0
New Hampshire,2004,1.5,75.8,79.2,14.0
New Mexico,2004,1.286,76.0,79.7,14.0
New Mexico St.,2004,1.75,76.4,79.4,12.0
New Orleans,2004,1.846,76.5,79.8,13.0
Niagara,2004,1.615,77.4,80.3,13.0
Nicholls St.,2004,0.917,75.8,79.2,12.0
Norfolk St.,2004,,,,
North Carolina A&T,2004,,,,
North Texas,2004,,,,
Northeastern,2004,,,,
Northern Arizona,2004,,,,
Northern Illinois,2004,,,,
Northwestern,2004,,,,
Northwestern St.,2004,,,,
Notre Dame,2004,,,,
Oakland,2004,,,,
Ohio,2004,,,,
Ohio St.,2004,,,,
Oklahoma,2004,,,,
Old Dominion,2004,,,,
Oral Roberts,2004,,,,
Oregon,2004,,,,
Oregon St.,2004,,,,
Penn,2004,,,,
Penn St.,2004,,,,
Pepperdine,2004,,,,
Portland,2004,,,,
Portland St.,2004,,,,
Prairie View A&M,2004,,,,
Purdue,2004,,,,
Quinnipiac,2004,,,,
Radford,2004,,,,
Rhode Island,2004,,,,
Rice,2004,,,,
Rider,2004,,,,
Robert Morris,2004,,,,
Rutgers,2004,,,,
SMU,2004,,,,
Sacramento St.,2004,,,,
Sacred Heart,2004,,,,
Saint Louis,2004,,,,
Saint Mary's,2004,,,,
Saint Peter's,2004,,,,
Sam Houston St.,2004,,,,
Samford,2004,,,,
San Diego,2004,,,,
San Diego St.,2004,,,,
San Francisco,2004,,,,
San Jose St.,2004,,,,
Santa Clara,2004,,,,
Savannah St.,2004,,,,
Siena,2004,,,,
South Alabama,2004,,,,
South Carolina St.,2004,,,,
South Florida,2004,,,,
Southeast Missouri St.,2004,,,,
Southeastern Louisiana,2004,,,,
Southern,2004,,,,
Southern Miss,2004,,,,
Southern Utah,2004,,,,
Southwest Missouri St.,2004,,,,
St. Bonaventure,2004,,,,
St. Francis NY,2004,,,,
St. Francis PA,2004,,,,
St. John's,2004,,,,
Stephen F. Austin,2004,,,,
Stetson,2004,,,,
Stony Brook,2004,,,,
TCU,2004,,,,
Temple,2004,,,,
Tennessee,2004,,,,
Tennessee Martin,2004,,,,
Tennessee St.,2004,,,,
Tennessee Tech,2004,,,,
Texas A&M,2004,,,,
Texas A&M Corpus Chris,2004,,,,
Texas Pan American,2004,,,,
Texas Southern,2004,,,,
Texas St.,2004,,,,
The Citadel,2004,,,,
Toledo,2004,,,,
Towson,2004,,,,
Troy St.,2004,,,,
Tulane,2004,,,,
Tulsa,2004,,,,
UC Irvine,2004,,,,
UC Riverside,2004,,,,
UC Santa Barbara,2004,,,,
UCLA,2004,,,,
UMBC,2004,,,,
UMKC,2004,,,,
UNC Asheville,2004,,,,
UNC Greensboro,2004,,,,
UNC Wilmington,2004,,,,
UNLV,2004,,,,
USC,2004,,,,
UT Arlington,2004,,,,
Utah St.,2004,,,,
VMI,2004,,,,
Villanova,2004,,,,
Virginia,2004,,,,
Virginia Tech,2004,,,,
Wagner,2004,,,,
Washington St.,2004,,,,
Weber St.,2004,,,,
West Virginia,2004,,,,
Western Carolina,2004,,,,
Western Illinois,2004,,,,
Western Kentucky,2004,,,,
Wichita St.,2004,,,,
William & Mary,2004,,,,
Winthrop,2004,,,,
Wofford,2004,,,,
Wright St.,2004,,,,
Wyoming,2004,,,,
Yale,2004,,,,
Youngstown St.,2004,,,,
