TEAM,YEAR,EXP,AVG HGT,n_players
Air Force,2003,1.931,,4
Air Force,2004,1.769,,4
Air Force,2005,1.865,,5
Air Force,2006,2.266,,4
Air Force,2007,2.792,,5
Akron,2003,1.777,,4
Akron,2004,3.0,,1
Akron,2005,1.0,,2
Akron,2006,1.961,,4
Akron,2007,2.428,,5
Alabama,2003,1.981,,3
Alabama,2004,1.685,,6
Alabama,2005,1.615,,5
Alabama,2006,1.448,,4
Alabama,2007,1.816,,5
Alabama A&M,2003,3.0,,1
Alabama A&M,2004,1.923,,2
Alabama A&M,2005,2.0,,2
Alabama A&M,2006,3.0,,2
Alabama A&M,2007,0.674,,3
Alabama State,2003,2.28,,4
Alabama State,2004,2.077,,3
Alabama State,2005,2.651,,3
Alabama State,2006,1.587,,2
Alabama State,2007,2.21,,4
Albany (NY),2003,1.775,,5
Albany (NY),2004,0.928,,5
Albany (NY),2005,1.647,,3
Albany (NY),2006,2.311,,5
Albany (NY),2007,2.55,,4
Alcorn State,2003,2.0,,2
Alcorn State,2004,1.431,,2
Alcorn State,2005,1.0,,1
Alcorn State,2006,2.0,,3
Alcorn State,2007,3.0,,1
American,2003,2.288,,5
American,2004,2.025,,5
American,2005,2.29,,3
American,2006,0.986,,2
American,2007,2.289,,3
Appalachian State,2003,3.0,,3
Appalachian State,2004,2.0,,2
Appalachian State,2005,1.938,,2
Appalachian State,2006,1.633,,5
Appalachian State,2007,2.764,,4
Arizona,2003,2.255,,5
Arizona,2004,1.202,,5
Arizona,2005,2.054,,5
Arizona,2006,1.781,,4
Arizona,2007,1.821,,5
Arizona State,2003,1.948,,3
Arizona State,2004,1.608,,3
Arizona State,2005,1.969,,5
Arizona State,2006,2.449,,2
Arizona State,2007,0.936,,6
Arkansas,2003,0.0,,1
Arkansas,2004,0.631,,3
Arkansas,2005,1.461,,2
Arkansas,2006,2.409,,5
Arkansas,2007,1.522,,5
Arkansas State,2003,2.659,,3
Arkansas State,2004,2.336,,3
Arkansas State,2005,3.0,,2
Arkansas State,2006,2.488,,4
Arkansas State,2007,1.595,,4
Arkansas–Pine Bluff,2003,2.0,,1
Arkansas–Pine Bluff,2005,1.263,,4
Arkansas–Pine Bluff,2006,2.005,,3
Arkansas–Pine Bluff,2007,2.0,,3
Army,2003,2.0,,1
Army,2004,0.0,,1
Army,2005,1.0,,2
Army,2006,2.0,,1
Army,2007,2.515,,2
Auburn,2003,2.034,,5
Auburn,2004,2.0,,3
Auburn,2005,1.903,,5
Auburn,2006,1.468,,2
Auburn,2007,1.241,,4
Austin Peay,2003,1.806,,5
Austin Peay,2004,2.79,,5
Austin Peay,2005,2.456,,4
Austin Peay,2006,2.432,,3
Austin Peay,2007,1.727,,4
Ball State,2003,2.082,,4
Ball State,2004,1.323,,3
Ball State,2005,1.961,,4
Ball State,2006,1.053,,2
Ball State,2007,1.977,,3
Baylor,2003,1.236,,4
Baylor,2004,2.17,,3
Baylor,2005,0.941,,4
Baylor,2007,1.016,,5
Belmont,2003,1.866,,5
Belmont,2004,1.877,,5
Belmont,2005,1.954,,3
Belmont,2006,1.527,,4
Belmont,2007,1.795,,4
Bethune-Cookman,2003,2.088,,4
Bethune-Cookman,2004,2.224,,5
Bethune-Cookman,2005,2.358,,3
Bethune-Cookman,2006,3.0,,3
Bethune-Cookman,2007,2.0,,3
Binghamton,2003,3.0,,2
Binghamton,2004,1.825,,4
Binghamton,2005,1.574,,2
Binghamton,2006,2.207,,4
Binghamton,2007,1.119,,2
Birmingham–Southern,2003,2.221,,4
Birmingham–Southern,2004,2.653,,3
Birmingham–Southern,2005,2.08,,4
Birmingham–Southern,2006,2.587,,5
Boise State,2003,1.983,,5
Boise State,2004,2.618,,5
Boise State,2005,2.16,,5
Boise State,2006,1.723,,3
Boise State,2007,2.506,,4
Boston College,2003,1.331,,5
Boston College,2004,1.0,,5
Boston College,2005,1.765,,5
Boston College,2006,2.176,,5
Boston College,2007,2.3,,3
Boston University,2003,1.804,,4
Boston University,2004,2.03,,4
Boston University,2005,2.334,,4
Boston University,2006,2.022,,4
Boston University,2007,1.124,,5
Bowling Green,2003,1.371,,5
Bowling Green,2004,1.735,,5
Bowling Green,2005,2.312,,4
Bowling Green,2006,2.318,,3
Bowling Green,2007,2.13,,3
Bradley,2003,2.0,,3
Bradley,2004,2.323,,3
Bradley,2005,1.03,,4
Bradley,2006,2.487,,4
Bradley,2007,2.536,,6
Brigham Young,2003,2.279,,4
Brigham Young,2004,2.746,,4
Brigham Young,2005,2.1,,2
Brigham Young,2006,1.631,,3
Brigham Young,2007,2.156,,5
Brown,2003,2.22,,4
Brown,2004,2.231,,4
Brown,2005,1.758,,3
Brown,2006,1.335,,3
Brown,2007,2.36,,3
Bucknell,2003,2.055,,3
Bucknell,2004,1.0,,2
Bucknell,2005,1.563,,4
Bucknell,2006,2.534,,4
Bucknell,2007,2.424,,5
Buffalo,2004,1.416,,3
Buffalo,2005,2.464,,5
Buffalo,2006,2.769,,4
Buffalo,2007,1.784,,5
Butler,2003,2.625,,5
Butler,2004,1.948,,4
Butler,2005,1.406,,5
Butler,2006,2.413,,5
Butler,2007,2.2,,5
Cal Poly,2003,2.667,,3
Cal Poly,2004,2.201,,4
Cal Poly,2006,1.512,,4
Cal Poly,2007,2.251,,4
Cal State Fullerton,2003,1.665,,3
Cal State Fullerton,2004,1.97,,3
Cal State Fullerton,2005,2.158,,5
Cal State Fullerton,2006,2.499,,4
Cal State Fullerton,2007,2.415,,5
Cal State Northridge,2003,2.016,,2
Cal State Northridge,2004,1.45,,3
Cal State Northridge,2005,3.0,,2
Cal State Northridge,2006,1.503,,2
Cal State Northridge,2007,1.667,,3
California,2003,1.85,,4
California,2004,0.758,,4
California,2005,2.0,,3
California,2006,1.68,,5
California,2007,1.502,,4
Campbell,2003,2.493,,2
Campbell,2004,0.0,,1
Campbell,2006,2.357,,3
Campbell,2007,1.881,,3
Canisius,2003,1.766,,4
Canisius,2004,1.924,,2
Canisius,2005,1.804,,4
Canisius,2006,2.518,,4
Canisius,2007,2.113,,4
Centenary (LA),2003,2.0,,3
Centenary (LA),2004,2.816,,5
Centenary (LA),2005,2.706,,3
Centenary (LA),2006,2.0,,1
Centenary (LA),2007,1.333,,4
Central Arkansas,2007,1.637,,5
Central Connecticut State,2003,1.676,,3
Central Connecticut State,2004,1.757,,3
Central Connecticut State,2005,1.972,,3
Central Connecticut State,2006,2.021,,6
Central Connecticut State,2007,2.263,,5
Central Florida,2003,2.63,,5
Central Florida,2004,2.753,,4
Central Florida,2005,2.266,,5
Central Florida,2006,2.204,,4
Central Florida,2007,2.209,,5
Central Michigan,2003,2.223,,5
Central Michigan,2004,2.309,,4
Central Michigan,2005,1.667,,3
Central Michigan,2006,1.024,,5
Central Michigan,2007,1.182,,2
Charleston Southern,2003,2.02,,4
Charleston Southern,2004,2.385,,3
Charleston Southern,2005,2.34,,3
Charleston Southern,2006,2.062,,2
Charleston Southern,2007,3.0,,2
Charlotte,2003,1.56,,4
Charlotte,2004,2.023,,4
Charlotte,2005,2.532,,4
Charlotte,2006,2.272,,4
Charlotte,2007,2.678,,3
Chattanooga,2003,2.244,,4
Chattanooga,2004,2.763,,4
Chattanooga,2005,2.293,,4
Chattanooga,2006,2.229,,4
Chattanooga,2007,2.593,,4
Chicago State,2003,0.986,,3
Chicago State,2004,2.322,,3
Chicago State,2005,1.626,,5
Chicago State,2006,1.028,,3
Chicago State,2007,2.014,,2
Cincinnati,2003,2.286,,4
Cincinnati,2004,2.507,,2
Cincinnati,2005,2.225,,5
Cincinnati,2006,2.205,,5
Cincinnati,2007,1.751,,5
Clemson,2003,2.098,,2
Clemson,2004,1.599,,5
Clemson,2005,1.483,,4
Clemson,2006,1.812,,5
Clemson,2007,1.666,,5
Cleveland State,2003,2.194,,5
Cleveland State,2004,1.795,,3
Cleveland State,2005,3.0,,1
Cleveland State,2006,2.0,,1
Cleveland State,2007,1.779,,4
Coastal Carolina,2003,3.0,,1
Coastal Carolina,2004,2.552,,2
Coastal Carolina,2005,1.965,,4
Coastal Carolina,2006,1.975,,3
Coastal Carolina,2007,1.546,,4
Colgate,2003,2.545,,2
Colgate,2004,2.024,,3
Colgate,2005,1.589,,4
Colgate,2006,2.008,,3
Colgate,2007,3.0,,1
College of Charleston,2003,2.262,,5
College of Charleston,2004,2.496,,4
College of Charleston,2005,2.554,,2
College of Charleston,2006,2.347,,3
College of Charleston,2007,2.166,,5
Colorado,2003,1.996,,4
Colorado,2004,2.746,,4
Colorado,2005,1.169,,4
Colorado,2006,1.928,,3
Colorado,2007,1.711,,3
Colorado State,2003,1.916,,5
Colorado State,2005,2.492,,2
Colorado State,2006,1.668,,3
Colorado State,2007,2.041,,6
Columbia,2003,3.0,,1
Columbia,2004,2.0,,2
Columbia,2005,2.065,,3
Columbia,2006,1.0,,2
Columbia,2007,2.0,,1
Connecticut,2003,1.625,,4
Connecticut,2004,1.636,,6
Connecticut,2005,0.982,,5
Connecticut,2006,2.28,,6
Connecticut,2007,0.509,,4
Coppin State,2003,1.292,,4
Coppin State,2004,1.71,,3
Coppin State,2005,1.34,,3
Coppin State,2006,0.649,,3
Coppin State,2007,1.889,,3
Cornell,2003,1.014,,4
Cornell,2004,2.024,,4
Cornell,2005,2.487,,2
Cornell,2006,1.654,,3
Cornell,2007,1.432,,4
Creighton,2003,2.072,,3
Creighton,2004,1.763,,4
Creighton,2005,2.51,,4
Creighton,2006,1.847,,4
Creighton,2007,2.346,,5
Dartmouth,2003,1.739,,3
Dartmouth,2004,1.36,,3
Dartmouth,2005,3.0,,1
Dartmouth,2006,3.0,,1
Dartmouth,2007,1.0,,1
Davidson,2003,1.353,,3
Davidson,2004,1.468,,4
Davidson,2005,2.21,,5
Davidson,2006,3.0,,3
Davidson,2007,1.393,,5
Dayton,2003,2.03,,4
Dayton,2004,2.758,,4
Dayton,2005,1.0,,1
Dayton,2006,1.608,,3
Dayton,2007,1.136,,3
DePaul,2003,2.048,,3
DePaul,2004,1.986,,5
DePaul,2005,2.534,,4
DePaul,2006,1.048,,3
DePaul,2007,2.02,,3
Delaware,2003,1.699,,4
Delaware,2004,2.343,,3
Delaware,2005,2.251,,4
Delaware,2006,1.73,,3
Delaware,2007,1.007,,4
Delaware State,2003,2.518,,4
Delaware State,2004,2.503,,2
Delaware State,2005,1.839,,5
Delaware State,2006,1.849,,6
Delaware State,2007,2.781,,5
Denver,2003,2.005,,3
Denver,2004,2.289,,3
Denver,2005,2.262,,5
Denver,2006,2.036,,3
Denver,2007,2.175,,4
Detroit Mercy,2003,2.686,,3
Detroit Mercy,2004,2.816,,5
Detroit Mercy,2005,2.071,,2
Detroit Mercy,2006,2.3,,5
Detroit Mercy,2007,2.458,,3
Drake,2003,2.254,,4
Drake,2004,2.0,,1
Drake,2005,2.227,,4
Drake,2006,2.339,,3
Drake,2007,2.321,,4
Drexel,2003,2.065,,4
Drexel,2004,1.582,,5
Drexel,2005,2.373,,3
Drexel,2006,2.044,,5
Drexel,2007,2.205,,6
Duke,2003,1.533,,4
Duke,2004,1.456,,5
Duke,2005,2.327,,3
Duke,2006,1.913,,5
Duke,2007,0.986,,4
Duquesne,2003,1.691,,6
Duquesne,2004,2.237,,4
Duquesne,2005,1.985,,3
Duquesne,2006,1.365,,3
Duquesne,2007,0.756,,4
East Carolina,2003,1.806,,5
East Carolina,2004,3.0,,2
East Carolina,2005,1.721,,4
East Carolina,2006,1.665,,3
East Carolina,2007,1.768,,4
East Tennessee State,2003,1.658,,4
East Tennessee State,2004,1.991,,5
East Tennessee State,2005,2.0,,3
East Tennessee State,2006,2.561,,2
East Tennessee State,2007,1.555,,6
Eastern Illinois,2003,2.773,,4
Eastern Illinois,2004,3.0,,1
Eastern Illinois,2005,2.506,,2
Eastern Illinois,2006,1.588,,2
Eastern Illinois,2007,1.213,,4
Eastern Kentucky,2003,1.409,,2
Eastern Kentucky,2004,1.918,,3
Eastern Kentucky,2005,2.219,,5
Eastern Kentucky,2006,2.31,,4
Eastern Kentucky,2007,1.703,,4
Eastern Michigan,2003,1.698,,4
Eastern Michigan,2004,1.675,,3
Eastern Michigan,2005,2.783,,4
Eastern Michigan,2006,1.996,,3
Eastern Michigan,2007,2.0,,1
Eastern Washington,2003,1.988,,4
Eastern Washington,2004,2.733,,4
Eastern Washington,2005,2.401,,3
Eastern Washington,2006,1.245,,3
Eastern Washington,2007,1.896,,2
Elon,2003,0.481,,2
Elon,2004,1.28,,4
Elon,2005,1.54,,2
Elon,2006,2.33,,3
Elon,2007,2.384,,3
Evansville,2003,1.979,,3
Evansville,2004,1.76,,3
Evansville,2005,2.048,,4
Evansville,2006,1.458,,4
Evansville,2007,2.233,,5
Fairfield,2003,1.236,,4
Fairfield,2004,1.813,,4
Fairfield,2005,2.514,,4
Fairfield,2006,2.546,,2
Fairfield,2007,1.31,,5
Fairleigh Dickinson,2003,2.744,,4
Fairleigh Dickinson,2004,1.69,,3
Fairleigh Dickinson,2005,2.276,,5
Fairleigh Dickinson,2006,2.238,,5
Fairleigh Dickinson,2007,2.277,,4
Florida,2003,1.5,,5
Florida,2004,1.302,,3
Florida,2005,1.49,,5
Florida,2006,1.062,,6
Florida,2007,2.302,,6
Florida A&M,2003,2.247,,4
Florida A&M,2004,2.778,,4
Florida A&M,2005,2.0,,2
Florida A&M,2006,2.049,,4
Florida A&M,2007,2.403,,6
Florida Atlantic,2003,2.288,,3
Florida Atlantic,2004,2.486,,2
Florida Atlantic,2005,2.55,,2
Florida Atlantic,2006,2.352,,3
Florida Atlantic,2007,1.769,,4
Florida International,2003,1.981,,3
Florida International,2004,2.0,,1
Florida International,2005,2.0,,3
Florida International,2006,2.483,,2
Florida International,2007,2.035,,3
Florida State,2003,1.757,,4
Florida State,2004,3.0,,3
Florida State,2005,1.515,,2
Florida State,2006,2.011,,4
Florida State,2007,1.892,,5
Fordham,2003,1.703,,3
Fordham,2004,2.045,,3
Fordham,2005,0.797,,5
Fordham,2006,1.696,,6
Fordham,2007,1.623,,5
Fresno State,2003,2.664,,3
Fresno State,2004,2.391,,3
Fresno State,2005,1.362,,3
Fresno State,2006,1.424,,5
Fresno State,2007,2.213,,5
Furman,2003,2.372,,4
Furman,2004,2.01,,3
Furman,2005,1.611,,5
Furman,2006,2.252,,4
Furman,2007,3.0,,4
Gardner-Webb,2004,1.0,,1
Gardner-Webb,2005,1.802,,5
Gardner-Webb,2006,2.807,,5
Gardner-Webb,2007,2.012,,3
George Mason,2003,2.502,,4
George Mason,2004,2.002,,5
George Mason,2005,1.699,,3
George Mason,2006,2.17,,6
George Mason,2007,1.668,,5
George Washington,2003,1.315,,3
George Washington,2004,1.035,,4
George Washington,2005,1.838,,6
George Washington,2006,2.215,,5
George Washington,2007,2.412,,5
Georgetown,2003,1.269,,5
Georgetown,2004,1.761,,5
Georgetown,2005,1.172,,5
Georgetown,2006,1.989,,6
Georgetown,2007,1.434,,5
Georgia,2003,2.251,,4
Georgia,2004,2.429,,5
Georgia,2005,0.469,,4
Georgia,2006,1.48,,2
Georgia,2007,2.036,,4
Georgia Southern,2003,1.799,,4
Georgia Southern,2004,2.008,,3
Georgia Southern,2005,2.281,,4
Georgia Southern,2006,2.062,,3
Georgia Southern,2007,2.513,,4
Georgia State,2003,2.252,,4
Georgia State,2005,2.538,,4
Georgia State,2006,3.0,,3
Georgia State,2007,1.752,,4
Georgia Tech,2003,0.78,,5
Georgia Tech,2004,2.105,,6
Georgia Tech,2005,2.694,,4
Georgia Tech,2006,1.0,,4
Georgia Tech,2007,0.598,,3
Gonzaga,2003,1.998,,6
Gonzaga,2004,2.766,,4
Gonzaga,2005,1.685,,4
Gonzaga,2006,2.266,,4
Gonzaga,2007,1.775,,5
Grambling State,2003,1.609,,3
Grambling State,2004,1.723,,4
Grambling State,2005,2.0,,1
Grambling State,2006,1.883,,2
Grambling State,2007,2.0,,2
Green Bay,2003,1.95,,5
Green Bay,2004,2.222,,4
Green Bay,2005,2.328,,4
Green Bay,2006,0.6,,4
Green Bay,2007,1.74,,3
Hampton,2003,2.475,,4
Hampton,2004,1.539,,2
Hampton,2005,2.508,,4
Hampton,2006,2.679,,3
Hampton,2007,1.013,,4
Hartford,2003,2.453,,4
Hartford,2004,1.485,,5
Hartford,2005,2.0,,3
Hartford,2006,3.0,,2
Hartford,2007,1.209,,4
Harvard,2003,3.0,,3
Harvard,2004,1.676,,3
Harvard,2005,2.737,,4
Harvard,2006,1.987,,4
Harvard,2007,2.012,,2
Hawaii,2003,2.23,,5
Hawaii,2004,2.181,,5
Hawaii,2005,2.015,,3
Hawaii,2006,2.601,,5
Hawaii,2007,2.447,,5
High Point,2003,1.743,,3
High Point,2004,2.0,,4
High Point,2005,2.673,,3
High Point,2006,1.951,,2
High Point,2007,1.821,,5
Hofstra,2003,1.0,,3
Hofstra,2004,0.998,,2
Hofstra,2005,0.914,,3
Hofstra,2006,2.141,,5
Hofstra,2007,2.325,,4
Holy Cross,2003,2.706,,4
Holy Cross,2004,2.054,,3
Holy Cross,2005,2.024,,5
Holy Cross,2006,1.841,,4
Holy Cross,2007,2.339,,4
Houston,2003,1.735,,3
Houston,2004,1.998,,4
Houston,2005,2.015,,4
Houston,2006,2.472,,4
Houston,2007,2.516,,4
Howard,2003,2.759,,4
Howard,2004,1.967,,3
Howard,2005,1.0,,2
Howard,2006,2.344,,3
Howard,2007,3.0,,2
IPFW,2003,2.034,,2
IPFW,2004,1.636,,3
IPFW,2005,1.615,,3
IPFW,2006,1.773,,5
IPFW,2007,2.533,,2
IUPUI,2003,2.487,,4
IUPUI,2004,2.248,,4
IUPUI,2005,2.071,,4
IUPUI,2006,2.026,,3
IUPUI,2007,2.284,,4
Idaho,2003,2.044,,4
Idaho,2004,2.199,,5
Idaho,2005,2.728,,4
Idaho,2006,1.783,,3
Idaho,2007,1.716,,3
Idaho State,2003,1.745,,4
Idaho State,2004,2.534,,4
Idaho State,2005,3.0,,1
Idaho State,2006,2.656,,3
Idaho State,2007,2.463,,3
Illinois,2003,0.973,,3
Illinois,2004,1.359,,5
Illinois,2005,2.386,,5
Illinois,2006,2.343,,4
Illinois,2007,2.252,,4
Illinois State,2003,1.459,,4
Illinois State,2004,2.0,,3
Illinois State,2005,2.442,,5
Illinois State,2006,2.491,,2
Illinois State,2007,1.811,,4
Illinois–Chicago,2003,1.792,,5
Illinois–Chicago,2004,2.342,,3
Illinois–Chicago,2005,2.294,,4
Illinois–Chicago,2006,1.521,,4
Illinois–Chicago,2007,1.867,,5
Indiana,2003,1.914,,5
Indiana,2004,1.619,,3
Indiana,2005,1.013,,4
Indiana,2006,2.286,,3
Indiana,2007,1.999,,4
Indiana State,2003,1.655,,4
Indiana State,2004,0.538,,2
Indiana State,2005,2.056,,4
Indiana State,2006,1.282,,4
Indiana State,2007,1.973,,3
Iona,2003,1.525,,5
Iona,2004,1.307,,3
Iona,2005,2.229,,4
Iona,2006,2.838,,5
Iona,2007,1.162,,5
Iowa,2003,1.523,,6
Iowa,2004,1.499,,4
Iowa,2005,1.692,,3
Iowa,2006,2.499,,4
Iowa,2007,1.378,,3
Iowa State,2003,1.467,,5
Iowa State,2004,1.565,,5
Iowa State,2005,1.934,,4
Iowa State,2006,1.722,,3
Iowa State,2007,1.46,,4
Jackson State,2003,2.663,,3
Jackson State,2004,3.0,,2
Jackson State,2005,1.808,,4
Jackson State,2006,2.0,,2
Jackson State,2007,2.144,,4
Jacksonville,2003,3.0,,3
Jacksonville,2004,1.498,,4
Jacksonville,2005,1.989,,4
Jacksonville,2006,2.103,,3
Jacksonville,2007,0.827,,4
Jacksonville State,2003,2.641,,5
Jacksonville State,2004,2.462,,4
Jacksonville State,2005,2.0,,3
Jacksonville State,2006,2.748,,4
Jacksonville State,2007,2.346,,3
James Madison,2003,2.606,,5
James Madison,2004,1.984,,3
James Madison,2005,1.34,,3
James Madison,2006,1.645,,3
James Madison,2007,0.972,,6
Kansas,2003,2.01,,5
Kansas,2004,1.58,,4
Kansas,2005,2.536,,4
Kansas,2006,0.33,,3
Kansas,2007,1.038,,5
Kansas City,2003,1.41,,3
Kansas City,2004,2.281,,4
Kansas City,2005,1.75,,4
Kansas City,2006,1.69,,3
Kansas City,2007,1.614,,3
Kansas State,2003,2.612,,5
Kansas State,2004,2.683,,3
Kansas State,2005,1.209,,5
Kansas State,2006,1.699,,3
Kansas State,2007,2.606,,5
Kennesaw State,2006,1.045,,5
Kennesaw State,2007,2.527,,4
Kent State,2003,2.043,,4
Kent State,2004,2.385,,4
Kent State,2005,2.013,,5
Kent State,2006,2.472,,5
Kent State,2007,2.291,,4
Kentucky,2003,2.196,,5
Kentucky,2004,2.399,,5
Kentucky,2005,1.812,,4
Kentucky,2006,1.68,,3
Kentucky,2007,1.848,,5
LIU Brooklyn,2003,3.0,,2
LIU Brooklyn,2004,0.31,,3
LIU Brooklyn,2005,0.75,,4
LIU Brooklyn,2006,2.0,,2
LIU Brooklyn,2007,3.0,,2
La Salle,2003,0.0,,2
La Salle,2004,1.217,,4
La Salle,2005,1.037,,5
La Salle,2006,2.302,,4
La Salle,2007,1.056,,5
Lafayette,2003,2.21,,5
Lafayette,2004,3.0,,2
Lafayette,2005,0.683,,3
Lafayette,2006,0.491,,2
Lafayette,2007,1.67,,3
Lamar,2003,3.0,,4
Lamar,2004,2.231,,4
Lamar,2005,2.509,,2
Lamar,2006,2.306,,4
Lamar,2007,2.236,,4
Lehigh,2003,2.404,,3
Lehigh,2004,1.812,,3
Lehigh,2005,2.25,,4
Lehigh,2006,2.015,,4
Lehigh,2007,1.968,,4
Liberty,2003,1.788,,5
Liberty,2004,1.964,,4
Liberty,2005,1.609,,3
Liberty,2006,1.254,,5
Liberty,2007,2.037,,3
Lipscomb,2004,1.246,,3
Lipscomb,2005,1.463,,2
Lipscomb,2006,2.151,,5
Lipscomb,2007,2.319,,4
Little Rock,2003,2.706,,3
Little Rock,2004,2.0,,2
Little Rock,2005,3.0,,2
Little Rock,2006,1.788,,4
Little Rock,2007,2.087,,3
Long Beach State,2003,2.493,,2
Long Beach State,2004,1.408,,3
Long Beach State,2005,2.004,,4
Long Beach State,2006,2.663,,3
Long Beach State,2007,3.0,,4
Longwood,2005,0.687,,3
Longwood,2006,1.449,,5
Longwood,2007,2.541,,4
Louisiana Monroe,2003,2.548,,2
Louisiana Monroe,2005,2.0,,1
Louisiana Monroe,2006,1.443,,2
Louisiana State,2003,2.457,,5
Louisiana State,2004,1.393,,4
Louisiana State,2005,1.481,,5
Louisiana State,2006,0.89,,5
Louisiana State,2007,1.317,,3
Louisiana Tech,2003,3.0,,2
Louisiana Tech,2004,1.336,,5
Louisiana Tech,2005,2.131,,5
Louisiana Tech,2006,2.601,,3
Louisiana Tech,2007,2.551,,4
Louisiana–Lafayette,2003,2.193,,5
Louisiana–Lafayette,2004,2.746,,4
Louisiana–Lafayette,2005,2.379,,5
Louisiana–Lafayette,2006,2.691,,3
Louisiana–Lafayette,2007,2.487,,2
Louisiana–Monroe,2007,1.63,,5
Louisville,2003,1.751,,2
Louisville,2004,1.759,,4
Louisville,2005,1.908,,6
Louisville,2006,1.596,,4
Louisville,2007,1.443,,4
Loyola (MD),2003,1.0,,2
Loyola (MD),2004,0.951,,3
Loyola (MD),2005,0.323,,3
Loyola (MD),2006,2.583,,2
Loyola (MD),2007,1.46,,4
Loyola Chicago,2003,2.501,,4
Loyola Chicago,2004,2.25,,5
Loyola Chicago,2005,1.203,,3
Loyola Chicago,2006,1.74,,4
Loyola Chicago,2007,1.801,,4
Loyola Marymount,2003,1.614,,3
Loyola Marymount,2004,2.011,,4
Loyola Marymount,2005,1.656,,3
Loyola Marymount,2006,2.233,,5
Loyola Marymount,2007,2.656,,3
Maine,2003,1.354,,2
Maine,2004,1.977,,2
Maine,2005,2.338,,3
Maine,2006,2.348,,3
Maine,2007,2.3,,4
Manhattan,2003,1.818,,4
Manhattan,2004,1.95,,6
Manhattan,2005,1.658,,3
Manhattan,2006,1.911,,4
Manhattan,2007,0.957,,6
Marist,2003,2.33,,3
Marist,2004,1.368,,3
Marist,2005,1.624,,3
Marist,2006,2.022,,4
Marist,2007,2.639,,5
Marquette,2003,1.791,,5
Marquette,2004,1.983,,3
Marquette,2005,2.162,,5
Marquette,2006,1.081,,3
Marquette,2007,1.351,,5
Marshall,2003,2.01,,4
Marshall,2004,1.424,,3
Marshall,2005,2.537,,2
Marshall,2006,1.712,,4
Marshall,2007,2.197,,4
Maryland,2003,3.0,,4
Maryland,2004,1.491,,4
Maryland,2005,2.0,,4
Maryland,2006,2.293,,4
Maryland,2007,1.865,,6
Maryland Eastern Shore,2003,1.079,,2
Maryland Eastern Shore,2004,2.082,,2
Maryland Eastern Shore,2005,2.354,,3
Maryland Eastern Shore,2006,0.994,,5
Maryland Eastern Shore,2007,2.294,,3
Massachusetts,2003,1.009,,4
Massachusetts,2004,0.698,,5
Massachusetts,2005,1.0,,3
Massachusetts,2006,1.725,,4
Massachusetts,2007,2.445,,5
McNeese State,2003,3.0,,3
McNeese State,2004,2.457,,2
McNeese State,2005,3.0,,1
McNeese State,2006,3.0,,1
McNeese State,2007,1.993,,5
Memphis,2003,1.362,,3
Memphis,2004,1.533,,4
Memphis,2005,1.902,,4
Memphis,2006,0.864,,6
Memphis,2007,1.425,,7
Mercer,2003,2.321,,4
Mercer,2004,2.493,,2
Mercer,2005,2.49,,4
Mercer,2006,3.0,,2
Mercer,2007,1.318,,3
Miami (FL),2003,1.767,,3
Miami (FL),2004,1.265,,4
Miami (FL),2005,1.265,,4
Miami (FL),2006,2.466,,4
Miami (FL),2007,1.26,,4
Miami (OH),2003,1.358,,3
Miami (OH),2004,2.067,,3
Miami (OH),2005,2.347,,4
Miami (OH),2006,2.073,,3
Miami (OH),2007,1.832,,5
Michigan,2003,1.206,,4
Michigan,2004,1.101,,5
Michigan,2005,0.567,,2
Michigan,2006,2.53,,4
Michigan,2007,2.56,,6
Michigan State,2003,1.416,,4
Michigan State,2004,1.761,,4
Michigan State,2005,2.319,,6
Michigan State,2006,2.237,,4
Michigan State,2007,1.252,,5
Middle Tennessee,2003,2.716,,4
Middle Tennessee,2004,1.766,,4
Middle Tennessee,2005,2.251,,5
Middle Tennessee,2006,2.358,,3
Middle Tennessee,2007,1.453,,6
Milwaukee,2003,2.755,,4
Milwaukee,2004,1.663,,5
Milwaukee,2005,2.25,,4
Milwaukee,2006,3.0,,4
Milwaukee,2007,1.792,,5
Minnesota,2003,1.943,,5
Minnesota,2004,1.73,,5
Minnesota,2005,2.298,,5
Minnesota,2006,3.0,,3
Minnesota,2007,1.738,,3
Mississippi State,2003,2.396,,5
Mississippi State,2004,2.409,,5
Mississippi State,2005,2.509,,4
Mississippi State,2006,0.3,,3
Mississippi State,2007,0.857,,6
Mississippi Valley State,2003,2.562,,4
Mississippi Valley State,2004,2.286,,4
Mississippi Valley State,2005,1.761,,3
Mississippi Valley State,2006,1.509,,2
Mississippi Valley State,2007,2.255,,4
Missouri,2003,1.607,,5
Missouri,2004,2.506,,4
Missouri,2005,1.358,,5
Missouri,2006,2.007,,5
Missouri,2007,1.527,,2
Missouri State,2006,2.287,,3
Missouri State,2007,2.491,,4
Monmouth,2003,1.715,,4
Monmouth,2004,1.724,,3
Monmouth,2005,2.021,,4
Monmouth,2006,1.972,,5
Monmouth,2007,1.765,,4
Montana,2003,1.709,,3
Montana,2004,1.975,,3
Montana,2005,1.054,,3
Montana,2006,1.868,,5
Montana,2007,2.228,,4
Montana State,2003,2.014,,3
Montana State,2004,2.146,,2
Montana State,2005,1.252,,4
Montana State,2006,1.974,,5
Montana State,2007,2.582,,5
Morehead State,2003,2.669,,3
Morehead State,2004,2.057,,3
Morehead State,2005,2.276,,4
Morehead State,2006,2.328,,3
Morehead State,2007,2.075,,3
Morgan State,2003,2.505,,2
Morgan State,2004,2.001,,4
Morgan State,2005,2.655,,3
Morgan State,2006,1.695,,3
Morgan State,2007,2.462,,5
Morris Brown,2003,3.0,,3
Mount St. Mary's,2003,0.0,,2
Mount St. Mary's,2004,0.778,,4
Mount St. Mary's,2005,1.549,,2
Mount St. Mary's,2006,1.794,,3
Mount St. Mary's,2007,1.576,,3
Murray State,2003,2.235,,5
Murray State,2004,3.0,,4
Murray State,2005,1.489,,2
Murray State,2006,1.97,,4
Murray State,2007,2.231,,4
NC State,2003,1.819,,5
NC State,2004,1.613,,4
NC State,2005,2.011,,3
NC State,2006,2.224,,6
NC State,2007,1.292,,5
NJIT,2007,0.782,,4
Navy,2003,3.0,,2
Navy,2005,1.37,,2
Navy,2006,1.0,,1
Navy,2007,1.296,,4
Nebraska,2003,1.5,,4
Nebraska,2004,2.496,,2
Nebraska,2005,1.467,,2
Nebraska,2006,1.875,,5
Nebraska,2007,2.566,,2
Nevada,2003,2.167,,5
Nevada,2004,2.04,,5
Nevada,2005,1.581,,6
Nevada,2006,1.821,,5
Nevada,2007,2.575,,5
New Hampshire,2003,2.0,,2
New Hampshire,2004,2.558,,2
New Hampshire,2005,0.962,,4
New Hampshire,2006,1.68,,3
New Hampshire,2007,1.837,,4
New Mexico,2003,1.767,,3
New Mexico,2004,2.047,,3
New Mexico,2005,2.597,,5
New Mexico,2006,2.423,,3
New Mexico,2007,1.763,,4
New Mexico State,2003,2.019,,2
New Mexico State,2004,2.064,,3
New Mexico State,2005,1.493,,4
New Mexico State,2006,1.967,,5
New Mexico State,2007,2.242,,4
New Orleans,2003,2.26,,4
New Orleans,2004,2.212,,5
New Orleans,2005,1.459,,4
New Orleans,2006,1.541,,2
New Orleans,2007,2.271,,4
Niagara,2003,1.425,,5
Niagara,2004,2.408,,5
Niagara,2005,2.29,,5
Niagara,2006,1.986,,5
Niagara,2007,2.295,,6
Nicholls State,2003,2.66,,3
Nicholls State,2004,2.294,,3
Nicholls State,2005,2.04,,4
Nicholls State,2006,1.69,,3
Nicholls State,2007,1.724,,4
Norfolk State,2003,1.741,,4
Norfolk State,2004,2.197,,5
Norfolk State,2005,1.574,,4
Norfolk State,2006,2.197,,3
Norfolk State,2007,2.239,,5
North Carolina,2003,0.398,,5
North Carolina,2004,1.377,,5
North Carolina,2005,2.017,,6
North Carolina,2006,1.291,,4
North Carolina,2007,0.739,,5
North Carolina A&T,2003,2.539,,2
North Carolina A&T,2005,1.652,,3
North Carolina A&T,2006,1.478,,2
North Carolina A&T,2007,2.417,,5
North Dakota State,2006,0.447,,4
North Dakota State,2007,1.478,,4
North Florida,2006,1.956,,3
North Florida,2007,1.229,,4
North Texas,2003,3.0,,2
North Texas,2004,2.523,,2
North Texas,2005,2.502,,2
North Texas,2006,2.465,,2
North Texas,2007,2.412,,5
Northeastern,2003,1.257,,4
Northeastern,2004,2.254,,4
Northeastern,2005,2.019,,3
Northeastern,2006,2.234,,5
Northeastern,2007,1.887,,5
Northern Arizona,2003,1.216,,4
Northern Arizona,2004,1.921,,2
Northern Arizona,2005,2.036,,3
Northern Arizona,2006,1.755,,5
Northern Arizona,2007,2.458,,4
Northern Colorado,2005,0.504,,2
Northern Colorado,2006,1.321,,3
Northern Illinois,2003,2.286,,3
Northern Illinois,2004,2.347,,3
Northern Illinois,2005,1.74,,4
Northern Illinois,2006,3.0,,3
Northern Illinois,2007,2.521,,4
Northern Iowa,2003,1.281,,4
Northern Iowa,2004,1.981,,4
Northern Iowa,2005,1.348,,4
Northern Iowa,2006,2.339,,6
Northern Iowa,2007,2.266,,5
Northwestern,2003,2.139,,5
Northwestern,2004,1.622,,5
Northwestern,2005,2.036,,5
Northwestern,2006,2.067,,4
Northwestern,2007,1.811,,4
Northwestern State,2003,0.0,,2
Northwestern State,2004,1.0,,1
Northwestern State,2005,2.0,,3
Northwestern State,2006,2.754,,4
Northwestern State,2007,2.667,,3
Notre Dame,2003,1.815,,4
Notre Dame,2004,1.968,,4
Notre Dame,2005,2.212,,5
Notre Dame,2006,2.517,,4
Notre Dame,2007,2.058,,4
Oakland,2003,1.348,,3
Oakland,2004,2.466,,4
Oakland,2005,3.0,,3
Oakland,2006,2.0,,1
Oakland,2007,1.56,,5
Ohio,2003,2.117,,5
Ohio,2004,2.314,,4
Ohio,2005,1.266,,6
Ohio,2006,2.069,,3
Ohio,2007,2.223,,5
Ohio State,2003,2.566,,4
Ohio State,2004,1.809,,5
Ohio State,2005,2.246,,4
Ohio State,2006,2.485,,6
Ohio State,2007,1.349,,6
Oklahoma,2003,2.294,,4
Oklahoma,2004,1.265,,3
Oklahoma,2005,1.773,,4
Oklahoma,2006,2.772,,4
Oklahoma,2007,1.745,,7
Oklahoma State,2003,2.389,,5
Oklahoma State,2004,2.21,,5
Oklahoma State,2005,2.512,,5
Oklahoma State,2006,1.253,,4
Oklahoma State,2007,1.996,,6
Old Dominion,2003,3.0,,2
Old Dominion,2004,1.67,,3
Old Dominion,2005,2.001,,4
Old Dominion,2006,2.229,,5
Old Dominion,2007,2.611,,5
Ole Miss,2003,1.841,,4
Ole Miss,2004,2.164,,3
Ole Miss,2005,1.478,,2
Ole Miss,2006,1.673,,3
Ole Miss,2007,2.809,,4
Oral Roberts,2003,2.521,,4
Oral Roberts,2004,1.014,,4
Oral Roberts,2005,1.717,,5
Oral Roberts,2006,2.521,,4
Oral Roberts,2007,2.564,,4
Oregon,2003,2.177,,5
Oregon,2004,2.535,,4
Oregon,2005,0.518,,2
Oregon,2006,1.495,,2
Oregon,2007,1.824,,5
Oregon State,2003,2.191,,4
Oregon State,2004,1.483,,4
Oregon State,2005,2.359,,3
Oregon State,2006,2.035,,4
Oregon State,2007,1.632,,4
Pacific,2003,2.457,,2
Pacific,2004,2.204,,5
Pacific,2005,2.794,,5
Pacific,2006,2.781,,4
Pacific,2007,1.653,,3
Penn State,2003,1.744,,3
Penn State,2004,0.592,,3
Penn State,2005,1.022,,5
Penn State,2006,1.567,,5
Penn State,2007,1.687,,4
Pennsylvania,2003,2.397,,5
Pennsylvania,2004,2.736,,4
Pennsylvania,2005,1.805,,4
Pennsylvania,2006,2.046,,5
Pennsylvania,2007,2.754,,4
Pepperdine,2003,1.702,,4
Pepperdine,2004,1.663,,3
Pepperdine,2005,2.637,,3
Pepperdine,2006,3.0,,1
Pepperdine,2007,2.781,,4
Pittsburgh,2003,2.485,,4
Pittsburgh,2004,1.914,,5
Pittsburgh,2005,1.503,,5
Pittsburgh,2006,2.065,,4
Pittsburgh,2007,2.325,,6
Portland,2003,1.527,,4
Portland,2004,2.008,,4
Portland,2005,1.696,,3
Portland,2006,2.717,,3
Portland,2007,1.054,,3
Portland State,2003,2.722,,3
Portland State,2004,2.0,,4
Portland State,2005,3.0,,3
Portland State,2006,2.036,,3
Portland State,2007,2.202,,5
Prairie View A&M,2003,2.537,,4
Prairie View A&M,2004,1.621,,2
Prairie View A&M,2005,2.0,,1
Prairie View A&M,2006,1.444,,2
Prairie View A&M,2007,1.438,,2
Princeton,2003,2.057,,3
Princeton,2004,1.665,,3
Princeton,2005,1.839,,3
Princeton,2006,1.642,,3
Princeton,2007,0.805,,3
Providence,2003,0.935,,4
Providence,2004,2.202,,4
Providence,2005,2.36,,4
Providence,2006,1.092,,3
Providence,2007,1.492,,4
Purdue,2003,2.359,,3
Purdue,2004,1.986,,3
Purdue,2005,2.384,,3
Purdue,2006,2.02,,3
Purdue,2007,1.75,,5
Quinnipiac,2003,1.79,,5
Quinnipiac,2004,2.537,,4
Quinnipiac,2005,2.541,,2
Quinnipiac,2006,2.245,,4
Quinnipiac,2007,2.51,,2
Radford,2003,1.396,,4
Radford,2004,1.718,,4
Radford,2005,2.017,,3
Radford,2006,2.422,,5
Radford,2007,1.666,,5
Rhode Island,2003,1.959,,5
Rhode Island,2004,2.312,,3
Rhode Island,2005,1.535,,2
Rhode Island,2006,2.384,,3
Rhode Island,2007,1.499,,4
Rice,2003,1.73,,3
Rice,2004,2.255,,4
Rice,2005,2.76,,4
Rice,2006,2.057,,4
Rice,2007,2.707,,3
Richmond,2003,2.354,,3
Richmond,2004,3.0,,3
Richmond,2005,2.49,,2
Richmond,2006,2.198,,4
Richmond,2007,0.619,,5
Rider,2003,1.719,,4
Rider,2004,1.747,,4
Rider,2005,1.888,,5
Rider,2006,2.239,,4
Rider,2007,1.466,,5
Robert Morris,2003,1.716,,4
Robert Morris,2004,2.344,,3
Robert Morris,2005,2.487,,4
Robert Morris,2006,1.001,,4
Robert Morris,2007,2.025,,4
Rutgers,2003,2.016,,4
Rutgers,2004,1.614,,5
Rutgers,2005,1.307,,4
Rutgers,2006,1.39,,3
Rutgers,2007,1.795,,5
SMU,2003,1.274,,5
SMU,2004,1.983,,5
SMU,2005,2.738,,4
SMU,2006,1.699,,4
SMU,2007,2.401,,5
Sacramento State,2003,2.765,,4
Sacramento State,2004,3.0,,2
Sacramento State,2005,1.506,,2
Sacramento State,2006,2.662,,3
Sacramento State,2007,3.0,,2
Sacred Heart,2003,2.0,,2
Sacred Heart,2004,3.0,,2
Sacred Heart,2005,1.0,,1
Sacred Heart,2006,1.985,,4
Sacred Heart,2007,2.642,,3
Saint Francis (PA),2003,1.541,,3
Saint Francis (PA),2004,1.958,,4
Saint Francis (PA),2005,2.316,,3
Saint Francis (PA),2006,2.09,,4
Saint Francis (PA),2007,0.632,,3
Saint Joseph's,2003,1.535,,4
Saint Joseph's,2004,2.215,,5
Saint Joseph's,2005,2.252,,4
Saint Joseph's,2006,2.085,,4
Saint Joseph's,2007,0.948,,6
Saint Louis,2003,2.079,,5
Saint Louis,2004,2.338,,4
Saint Louis,2005,1.953,,4
Saint Louis,2006,1.205,,4
Saint Louis,2007,1.746,,5
Saint Peter's,2003,1.795,,3
Saint Peter's,2004,0.565,,2
Saint Peter's,2005,2.462,,2
Saint Peter's,2006,1.634,,4
Saint Peter's,2007,1.719,,4
Sam Houston State,2003,3.0,,3
Sam Houston State,2004,2.0,,1
Sam Houston State,2005,2.528,,2
Sam Houston State,2006,1.754,,4
Sam Houston State,2007,2.477,,4
Samford,2003,1.751,,4
Samford,2004,2.039,,5
Samford,2005,1.942,,3
Samford,2006,1.886,,5
Samford,2007,2.431,,5
San Diego,2003,2.639,,5
San Diego,2004,1.423,,5
San Diego,2005,2.213,,5
San Diego,2006,2.095,,4
San Diego,2007,1.718,,3
San Diego State,2003,2.779,,4
San Diego State,2004,1.503,,5
San Diego State,2005,1.291,,3
San Diego State,2006,1.736,,4
San Diego State,2007,1.898,,6
San Francisco,2003,2.262,,4
San Francisco,2004,2.474,,4
San Francisco,2005,2.717,,3
San Francisco,2006,2.449,,4
San Francisco,2007,2.008,,4
San Jose State,2003,3.0,,1
San Jose State,2004,2.508,,2
San Jose State,2005,2.65,,3
San Jose State,2006,2.488,,2
San Jose State,2007,2.327,,3
Santa Clara,2003,0.514,,2
Santa Clara,2004,1.694,,3
Santa Clara,2005,2.774,,4
Santa Clara,2006,1.684,,3
Santa Clara,2007,2.532,,4
Savannah State,2003,0.0,,1
Savannah State,2004,1.0,,1
Savannah State,2005,3.0,,1
Savannah State,2006,1.07,,4
Savannah State,2007,2.691,,3
Seton Hall,2003,1.256,,4
Seton Hall,2004,2.233,,5
Seton Hall,2005,2.677,,3
Seton Hall,2006,2.449,,3
Seton Hall,2007,1.544,,5
Siena,2003,1.141,,4
Siena,2004,2.269,,4
Siena,2005,0.919,,2
Siena,2006,1.424,,5
Siena,2007,1.383,,5
South Alabama,2003,2.368,,3
South Alabama,2004,3.0,,1
South Alabama,2005,1.702,,3
South Alabama,2006,2.669,,3
South Alabama,2007,2.461,,4
South Carolina,2003,2.072,,3
South Carolina,2004,2.483,,4
South Carolina,2005,1.821,,4
South Carolina,2006,2.397,,5
South Carolina,2007,2.329,,4
South Carolina State,2003,2.019,,3
South Carolina State,2004,1.26,,4
South Carolina State,2005,2.178,,5
South Carolina State,2006,2.021,,3
South Carolina State,2007,2.039,,4
South Dakota State,2006,0.887,,2
South Dakota State,2007,0.363,,3
South Florida,2003,2.64,,3
South Florida,2004,2.23,,4
South Florida,2005,2.788,,4
South Florida,2006,2.429,,5
South Florida,2007,2.074,,3
Southeast Missouri State,2003,1.38,,5
Southeast Missouri State,2004,2.0,,2
Southeast Missouri State,2005,2.257,,4
Southeast Missouri State,2006,2.012,,3
Southeast Missouri State,2007,2.31,,3
Southeastern Louisiana,2003,2.0,,2
Southeastern Louisiana,2004,2.768,,4
Southeastern Louisiana,2005,2.344,,5
Southeastern Louisiana,2006,2.513,,4
Southeastern Louisiana,2007,3.0,,3
Southern,2003,1.398,,5
Southern,2004,2.362,,3
Southern,2005,2.325,,3
Southern,2006,2.765,,4
Southern,2007,1.45,,3
Southern California,2003,1.378,,3
Southern California,2004,2.385,,3
Southern California,2005,0.355,,3
Southern California,2006,0.985,,4
Southern California,2007,1.276,,6
Southern Illinois,2003,1.98,,4
Southern Illinois,2004,2.289,,3
Southern Illinois,2005,2.25,,5
Southern Illinois,2006,1.2,,5
Southern Illinois,2007,2.186,,5
Southern Mississippi,2003,1.523,,4
Southern Mississippi,2004,2.366,,3
Southern Mississippi,2005,2.0,,2
Southern Mississippi,2006,1.532,,3
Southern Mississippi,2007,0.229,,4
Southern Utah,2003,2.69,,3
Southern Utah,2004,2.336,,3
Southern Utah,2005,2.687,,3
Southern Utah,2006,2.261,,4
Southern Utah,2007,2.673,,3
Southwest Missouri State,2003,2.363,,3
Southwest Missouri State,2004,2.197,,3
Southwest Missouri State,2005,2.27,,4
Southwest Texas State,2003,2.37,,3
St. Bonaventure,2003,1.994,,3
St. Bonaventure,2004,1.817,,4
St. Bonaventure,2005,2.0,,2
St. Bonaventure,2006,2.065,,3
St. Bonaventure,2007,1.973,,4
St. Francis Brooklyn,2003,2.411,,4
St. Francis Brooklyn,2004,1.994,,3
St. Francis Brooklyn,2005,2.164,,2
St. Francis Brooklyn,2006,3.0,,1
St. Francis Brooklyn,2007,1.992,,4
St. John's (NY),2003,2.0,,4
St. John's (NY),2004,1.459,,2
St. John's (NY),2005,0.548,,4
St. John's (NY),2006,1.476,,2
St. John's (NY),2007,1.978,,4
St. Mary's (CA),2003,1.337,,3
St. Mary's (CA),2004,1.998,,6
St. Mary's (CA),2005,2.652,,6
St. Mary's (CA),2006,2.007,,3
St. Mary's (CA),2007,1.603,,5
Stanford,2003,1.698,,5
Stanford,2004,2.015,,4
Stanford,2005,2.394,,5
Stanford,2006,3.0,,3
Stanford,2007,1.045,,5
Stephen F. Austin,2003,1.029,,2
Stephen F. Austin,2004,2.373,,3
Stephen F. Austin,2005,1.68,,3
Stephen F. Austin,2006,2.043,,4
Stephen F. Austin,2007,1.473,,2
Stetson,2004,1.0,,2
Stetson,2005,1.76,,4
Stetson,2006,2.688,,3
Stetson,2007,2.021,,2
Stony Brook,2003,0.954,,2
Stony Brook,2004,1.372,,4
Stony Brook,2005,1.787,,5
Stony Brook,2006,2.515,,2
Stony Brook,2007,2.334,,3
Syracuse,2003,0.865,,4
Syracuse,2004,1.663,,3
Syracuse,2005,2.666,,3
Syracuse,2006,1.88,,5
Syracuse,2007,1.968,,7
TCU,2003,2.299,,3
TCU,2004,2.297,,3
TCU,2005,2.677,,3
TCU,2006,2.036,,4
TCU,2007,1.65,,3
Temple,2003,1.705,,4
Temple,2004,1.996,,2
Temple,2005,1.205,,5
Temple,2006,2.269,,4
Temple,2007,2.253,,4
Tennessee,2003,1.946,,5
Tennessee,2004,1.645,,3
Tennessee,2005,1.706,,4
Tennessee,2006,2.178,,5
Tennessee,2007,1.755,,4
Tennessee State,2003,1.994,,3
Tennessee State,2004,1.655,,3
Tennessee State,2005,2.148,,5
Tennessee State,2006,2.275,,4
Tennessee State,2007,2.196,,5
Tennessee Tech,2003,2.681,,3
Tennessee Tech,2004,2.657,,3
Tennessee Tech,2005,2.277,,4
Tennessee Tech,2006,2.367,,3
Tennessee Tech,2007,2.349,,3
Texas,2003,1.703,,4
Texas,2004,2.17,,3
Texas,2005,1.921,,4
Texas,2006,1.669,,6
Texas,2007,0.219,,5
Texas A&M,2003,1.459,,2
Texas A&M,2004,1.0,,1
Texas A&M,2005,1.249,,5
Texas A&M,2006,1.367,,3
Texas A&M,2007,2.221,,5
Texas A&M–Corpus Christi,2003,1.524,,4
Texas A&M–Corpus Christi,2004,3.0,,1
Texas A&M–Corpus Christi,2005,3.0,,3
Texas A&M–Corpus Christi,2007,2.79,,5
Texas Southern,2003,2.321,,3
Texas Southern,2004,1.0,,1
Texas Southern,2005,1.781,,3
Texas Southern,2006,2.065,,3
Texas Southern,2007,2.467,,4
Texas State San Marcos,2004,2.0,,1
Texas State San Marcos,2005,2.534,,2
Texas State San Marcos,2006,2.0,,1
Texas State San Marcos,2007,1.939,,2
Texas Tech,2003,2.5,,4
Texas Tech,2004,1.954,,5
Texas Tech,2005,1.586,,5
Texas Tech,2006,1.649,,3
Texas Tech,2007,2.37,,3
Texas–Pan American,2003,2.43,,5
Texas–Pan American,2004,2.464,,2
Texas–Pan American,2005,3.0,,2
Texas–Pan American,2006,1.509,,2
Texas–Pan American,2007,2.228,,4
The Citadel,2003,0.977,,2
The Citadel,2004,1.208,,4
The Citadel,2005,1.479,,2
The Citadel,2006,2.64,,3
The Citadel,2007,3.0,,3
Toledo,2003,1.415,,3
Toledo,2004,1.04,,3
Toledo,2005,2.06,,2
Toledo,2006,1.724,,4
Toledo,2007,2.755,,4
Towson,2003,0.995,,2
Towson,2004,1.297,,3
Towson,2005,1.669,,3
Towson,2006,1.3,,4
Towson,2007,2.579,,4
Troy,2006,2.543,,4
Troy,2007,2.623,,5
Troy State,2003,2.337,,3
Troy State,2004,3.0,,4
Troy State,2005,2.574,,5
Tulane,2003,2.79,,4
Tulane,2004,2.507,,2
Tulane,2005,1.597,,3
Tulane,2006,1.998,,3
Tulane,2007,1.681,,3
Tulsa,2003,2.433,,5
Tulsa,2004,2.074,,3
Tulsa,2005,1.79,,3
Tulsa,2006,1.667,,3
Tulsa,2007,1.014,,2
UAB,2003,1.693,,3
UAB,2004,1.992,,4
UAB,2005,2.248,,4
UAB,2006,3.0,,2
UAB,2007,2.005,,3
UC Davis,2005,2.404,,3
UC Davis,2006,1.301,,4
UC Davis,2007,1.0,,1
UC Irvine,2003,2.016,,4
UC Irvine,2004,1.891,,2
UC Irvine,2005,2.231,,4
UC Irvine,2006,2.257,,4
UC Irvine,2007,1.764,,4
UC Riverside,2003,0.0,,1
UC Riverside,2004,1.951,,3
UC Riverside,2005,2.0,,2
UC Riverside,2006,2.39,,3
UC Riverside,2007,1.572,,4
UC Santa Barbara,2003,2.299,,4
UC Santa Barbara,2005,1.769,,3
UC Santa Barbara,2006,1.483,,4
UC Santa Barbara,2007,1.081,,3
UCLA,2003,2.078,,2
UCLA,2004,1.407,,3
UCLA,2005,0.79,,4
UCLA,2006,0.961,,5
UCLA,2007,1.383,,5
UMBC,2003,1.531,,2
UMBC,2004,1.086,,3
UMBC,2005,3.0,,2
UMBC,2006,1.892,,6
UMBC,2007,2.036,,5
UNC Asheville,2003,2.269,,5
UNC Asheville,2004,0.999,,5
UNC Asheville,2005,1.0,,1
UNC Asheville,2006,2.811,,5
UNC Asheville,2007,2.282,,3
UNC Greensboro,2003,2.528,,2
UNC Greensboro,2004,2.68,,3
UNC Greensboro,2005,1.728,,5
UNC Greensboro,2006,1.253,,4
UNC Greensboro,2007,1.777,,4
UNC Wilmington,2003,2.074,,4
UNC Wilmington,2004,1.458,,2
UNC Wilmington,2005,2.622,,3
UNC Wilmington,2006,2.332,,4
UNC Wilmington,2007,2.359,,3
UNLV,2003,2.807,,4
UNLV,2004,2.0,,3
UNLV,2005,2.449,,5
UNLV,2006,1.467,,4
UNLV,2007,2.505,,5
UT Arlington,2003,2.421,,5
UT Arlington,2004,2.419,,3
UT Arlington,2005,2.0,,3
UT Arlington,2006,3.0,,3
UT Arlington,2007,1.459,,4
UT Martin,2003,2.196,,5
UT Martin,2004,1.678,,3
UT Martin,2005,2.0,,1
UT Martin,2006,3.0,,2
UT Martin,2007,2.775,,4
UTEP,2003,1.391,,5
UTEP,2004,1.996,,5
UTEP,2005,2.381,,6
UTEP,2006,2.669,,3
UTEP,2007,1.513,,4
UTSA,2003,3.0,,3
UTSA,2004,1.834,,6
UTSA,2005,3.0,,2
UTSA,2006,3.0,,1
UTSA,2007,2.264,,4
Utah,2003,2.472,,4
Utah,2004,1.602,,5
Utah,2005,1.842,,5
Utah,2006,1.423,,3
Utah,2007,1.708,,4
Utah State,2003,2.226,,5
Utah State,2004,2.374,,3
Utah State,2005,1.654,,3
Utah State,2006,2.368,,5
Utah State,2007,2.46,,6
Utah Valley State,2005,1.135,,3
Utah Valley State,2006,1.461,,4
Utah Valley State,2007,1.69,,3
VCU,2003,1.993,,5
VCU,2004,1.894,,5
VCU,2005,1.794,,5
VCU,2006,2.334,,3
VCU,2007,2.145,,6
VMI,2003,2.0,,3
VMI,2004,2.095,,3
VMI,2005,0.47,,2
VMI,2006,1.485,,2
VMI,2007,1.788,,4
Valparaiso,2003,2.211,,5
Valparaiso,2004,1.984,,3
Valparaiso,2005,2.0,,3
Valparaiso,2006,3.0,,3
Valparaiso,2007,1.043,,5
Vanderbilt,2003,2.0,,2
Vanderbilt,2004,2.262,,4
Vanderbilt,2005,2.056,,4
Vanderbilt,2006,1.729,,4
Vanderbilt,2007,2.426,,5
Vermont,2003,1.758,,4
Vermont,2004,2.0,,4
Vermont,2005,2.696,,5
Vermont,2006,0.937,,4
Vermont,2007,2.167,,4
Villanova,2003,1.247,,4
Villanova,2004,0.643,,5
Villanova,2005,1.617,,5
Villanova,2006,2.244,,5
Villanova,2007,1.846,,6
Virginia,2003,2.034,,3
Virginia,2004,1.818,,3
Virginia,2005,1.707,,4
Virginia,2006,1.493,,4
Virginia,2007,2.239,,4
Virginia Tech,2003,2.476,,4
Virginia Tech,2004,1.084,,4
Virginia Tech,2005,1.259,,5
Virginia Tech,2006,1.766,,4
Virginia Tech,2007,2.447,,5
Wagner,2003,2.426,,5
Wagner,2004,3.0,,3
Wagner,2005,1.385,,5
Wagner,2006,1.985,,3
Wagner,2007,1.783,,5
Wake Forest,2003,1.512,,4
Wake Forest,2004,1.177,,5
Wake Forest,2005,2.141,,5
Wake Forest,2006,2.39,,5
Wake Forest,2007,0.793,,4
Washington,2003,1.516,,2
Washington,2004,1.204,,5
Washington,2005,2.493,,4
Washington,2006,1.715,,6
Washington,2007,0.84,,5
Washington State,2003,1.0,,1
Washington State,2004,2.279,,4
Washington State,2005,2.151,,3
Washington State,2006,1.0,,2
Washington State,2007,1.987,,5
Weber State,2003,2.364,,3
Weber State,2004,3.0,,3
Weber State,2005,2.409,,5
Weber State,2006,3.0,,1
Weber State,2007,2.18,,5
West Virginia,2003,0.422,,5
West Virginia,2004,1.422,,5
West Virginia,2005,2.215,,5
West Virginia,2006,2.857,,6
West Virginia,2007,1.699,,6
Western Carolina,2003,2.033,,2
Western Carolina,2004,1.052,,3
Western Carolina,2005,1.009,,3
Western Carolina,2006,2.218,,4
Western Carolina,2007,0.951,,2
Western Illinois,2003,2.0,,1
Western Illinois,2004,0.0,,1
Western Illinois,2005,1.551,,2
Western Illinois,2006,1.923,,3
Western Illinois,2007,2.491,,4
Western Kentucky,2003,2.335,,5
Western Kentucky,2004,2.019,,3
Western Kentucky,2005,1.789,,5
Western Kentucky,2006,2.022,,4
Western Kentucky,2007,2.0,,3
Western Michigan,2003,2.074,,4
Western Michigan,2004,2.302,,6
Western Michigan,2005,2.347,,5
Western Michigan,2006,2.037,,4
Western Michigan,2007,1.044,,4
Wichita State,2003,1.0,,2
Wichita State,2004,2.239,,4
Wichita State,2005,2.425,,5
Wichita State,2006,1.703,,7
Wichita State,2007,2.422,,5
William & Mary,2003,2.619,,3
William & Mary,2004,2.082,,4
William & Mary,2005,1.99,,3
William & Mary,2006,0.0,,1
William & Mary,2007,1.818,,4
Winthrop,2003,3.0,,1
Winthrop,2004,3.0,,2
Winthrop,2005,0.973,,3
Winthrop,2006,1.998,,4
Winthrop,2007,2.573,,5
Wisconsin,2003,1.415,,5
Wisconsin,2004,1.958,,5
Wisconsin,2005,2.344,,6
Wisconsin,2006,1.821,,5
Wisconsin,2007,2.396,,4
Wofford,2003,2.431,,3
Wofford,2004,1.0,,1
Wofford,2005,3.0,,2
Wofford,2006,2.119,,5
Wofford,2007,1.314,,4
Wright State,2003,2.264,,3
Wright State,2004,1.568,,4
Wright State,2005,1.376,,6
Wright State,2006,1.718,,3
Wright State,2007,1.688,,5
Wyoming,2003,2.256,,4
Wyoming,2004,2.467,,2
Wyoming,2005,3.0,,2
Wyoming,2006,1.39,,4
Wyoming,2007,1.647,,3
Xavier,2003,1.814,,5
Xavier,2004,1.848,,6
Xavier,2005,1.016,,4
Xavier,2006,1.653,,3
Xavier,2007,2.48,,4
Yale,2003,1.0,,1
Yale,2004,2.311,,3
Yale,2005,2.695,,3
Yale,2006,1.0,,1
Yale,2007,2.0,,1
Youngstown State,2003,1.975,,4
Youngstown State,2004,3.0,,1
Youngstown State,2005,1.94,,4
Youngstown State,2006,2.347,,3
Youngstown State,2007,2.546,,4
